id,name,correct_submission_url
source-forge,Source Forge,https://sourceforge.net/submit
healthline,Healthline,https://healthline.com/submit
dev-community,DEV Community,http://dev.to/submit
get-app,Get App,https://www.getapp.com/submit
getting-smart,Getting Smart,https://www.gettingsmart.com/submit
software-world,Software World,https://www.softwareworld.co/submit
alternative-me,Alternative Me,https://alternative.me/submit
alternative-to,Alternative To,https://alternativeto.net/submit
vccircle,Vccircle,https://www.vccircle.com/company/directory/submit
babel-slack,Babel Slack,https://slack.babeljs.io/submit
f6s,F6S,https://www.f6s.com/submit
all-top-startups,All top startups,http://alltopstartups.com/submit-startup/submit
alltopstartups,AllTopStartups,https://alltopstartups.com/submit
financesonline-com,FinancesOnline.com,https://FinancesOnline.com/submit
vator,Vator,https://vator.tv/submit
crowd-reviews,Crowd Reviews,http://crowdreviews.com/submit
software-review,Software Review,https://provider.softwarereviews.com/submit
libhunt,Libhunt,https://www.libhunt.com/submit
built-in-chicago,Built in Chicago,https://www.builtinchicago.org/contact/send_us_tip/submit
cloud-native-computing-foundation,Cloud Native Computing Foundation,https://slack.cncf.io/submit
trustradius,TrustRadius,http://trustradius.com/submit
startups-uk,Startups UK,https://startups.co.uk/submit
all-top,All Top,https://alltop.com/submit
tekpon,Tekpon,http://tekpon.com/get-listed/submit
site-jabber,Site Jabber,https://sitejabber.com/submit
cool-mom-picks,Cool mom picks,https://coolmompicks.com/submit
dang,Dang,http://dang.ai/submit
eu-startups-database,EU-Startups Database,https://www.eu-startups.com/directory/submit
growth-hackers,Growth hackers,https://community.growthhackers.com/submit
startupranking,StartupRanking,https://www.startupranking.com/submit
list-your-software-get-qualified-leads,List Your Software & Get Qualified Leads,https://www.softwareadvice.com/vendors/submit
springwise,Springwise,https://springwise.com/submit
startup-grind,Startup Grind,https://www.startupgrind.com/submit
bunity,Bunity,https://www.bunity.com/submit
foundr,Foundr,https://Foundr.com/submit
saastr,SaaStr,https://www.saastr.com/submit
unboxing-startups,Unboxing Startups,https://unboxingstartups.com/contact/submit
tricky-enough,Tricky Enough,https://www.trickyenough.com/submit
appsumo,AppSumo,https://sell.appsumo.com/submit
cloud-foundry,Cloud Foundry,https://slack.cloudfoundry.org/submit
killerstartups,Killerstartups,https://killerstartups.com/submit
betalist,Betalist,http://betalist.com/submit
all-my-faves,All my faves,https://allmyfaves.com/submit
famous-ai-tools,Famous AI Tools,https://famousaitools.ai/submit
startupxplore,Startupxplore,https://startupxplore.com/en/startups/submit
slant,Slant,http://slant.co/submit
uplabs,Uplabs,https://www.uplabs.com/submit
webrazzi,Webrazzi,http://webrazzi.com/en/startup-form/submit
people-ops-hr-community,People Ops & HR Community,https://lattice.com/community/rfh/submit
saas-tools,SaaS Tools,https://saasaitools.com/submit
eu-startups,EU startups,https://eu-startups.com/submit
hotfrog,hotfrog,https://www.hotfrog.com/submit
slant-co,Slant.co,https://www.slant.co/submit
stackshare,StackShare,https://stackshare.io/submit
devhunt,Devhunt,https://devhunt.org/submit
mind-the-product,Mind the product,http://slack.mindtheproduct.com/submit
data-quest,Data Quest,https://www.dataquest.io/chat/submit
wip,WIP,http://wip.co/projects/new/submit
nextbigwhat,NextBigWhat,https://nextbigwhat.com/submit
fivetaco,FiveTaco,http://fivetaco.com/submit
indiehackers,Indiehackers,https://www.indiehackers.com/submit
changelog,Changelog,https://changelog.com/news/submit
product-school,Product School,https://www.productschool.com/slack-community/submit
ai-tool-guru,AI TOOL GURU,https://aitoolguru.com/submit
tracxn,Tracxn,https://tracxn.com/submit
nocodedevs,NoCodeDevs,https://www.nocodedevs.com/submit
nocodefounders,NoCodeFounders,https://nocodefounders.com/submit
software-suggest,Software Suggest,https://www.softwaresuggest.com/vendors/submit
cofounderslab,CoFoundersLab,https://cofounderslab.com/submit
devdojo,DevDojo,https://devdojo.com/submit
snap-munk,Snap Munk,https://startups.snapmunk.com/submit
betabound,Betabound,https://betabound.com/submit
serchen,Serchen,https://www.serchen.com/get-listed/submit
netted,Netted,http://netted.net/contact-us/submit
devrant,devRant,https://devrant.com/submit
web-design-inspiration,Web Design Inspiration,https://webdesign-inspiration.com/submit
pitchwall,PitchWall,https://pitchwall.co/submit
startup-stash,Startup Stash,https://startupstash.com/add-listing/submit
starter-story,Starter Story,https://www.starterstory.com/submit
lobsters,Lobsters,https://lobste.rs/submit
elpha,Elpha,https://elpha.com/submit
ecommercefuel,eCommerceFuel,https://www.ecommercefuel.com/submit
launchingnext,LaunchingNext,https://www.launchingnext.com/submit
sideprojectors,SideProjectors,https://www.sideprojectors.com/submit
indie-hackers,Indie Hackers,https://indiehackers.com/submit
bigstartups,BigStartups,https://bigstartups.co/submit
insidr-ai-tools,Insidr AI Tools,http://insidr.ai/submit-tools/submit
workspaces,Workspaces,http://workspaces.xyz/submit-a-workspace-workspaces/submit
thingtesting,Thingtesting,https://thingtesting.com/submit-brand/submit
land-book,Land Book,https://land-book.com/submit
cabinet-m,Cabinet M,https://cabinetm.com/submit
mars-ai-directory,Mars AI Directory,http://marsx.dev/ai-startups/submit
startup-buffer,Startup Buffer,http://startupbuffer.com/submit
there-s-an-ai-for-that,There's An AI For That,https://theresanaiforthat.com/submit
tiny-startups,Tiny Startups,http://tally.so/r/wMzP8X/submit
real-world-beta-testing,Real World Beta Testing,https://betatesting.com/beta-testing/submit
remote-tools,Remote Tools,https://www.remote.tools/submit
buffer-apps,Buffer apps,https://www.bufferapps.com/submit
product-hq,Product HQ,https://www.productmanagerhq.com/join-the-community/submit
sidebar-io,Sidebar.io,https://Sidebar.io/submit
webcatalog,webcatalog,https://webcatalog.io/en/apps/submit
online-geniuses,Online Geniuses,https://onlinegeniuses.com/marketplace/submit
superb-crew,Superb Crew,http://www.superbcrew.com/submit
future-startup,Future Startup,https://futurestartup.com/submit
futurepedia,Futurepedia,https://www.futurepedia.io/submit
find-gift,Find Gift,https://www.findgift.com/submit
phygital,Phygital,https://library.phygital.plus/submit
saas-hub,SaaS Hub,https://Saashub.com/submit
saas-worthy,SaaS Worthy,https://www.saasworthy.com/submit
landing-folio,Landing Folio,https://www.landingfolio.com/submit
saashub,SaaSHub,http://saashub.com/submit
hcilab,Hcilab,http://Hcilab.org/ai-tools-directory/submit
launching-next,Launching Next,http://launchingnext.com/submit
fyple,fyple,https://www.fyple.com/submit
supertools,Supertools,https://supertools.therundown.ai/submit
startup-lister,startup lister,https://startuplister.com/submit
buildspace,buildspace,https://sage.buildspace.so/submit
web-tools-weekly,Web Tools Weekly,http://webtoolsweekly.com/submit
topai-tools,TopAI.tools,https://topai.tools/submit
submit-a-startup,Submit A Startup,http://thetechpanda.com/submit-a-startup/submit
openalternative,OpenAlternative,http://openalternative.co/submit
classical-finance,Classical Finance,https://www.classicalfinance.com/your-story/submit
the-startup-pitch,The Startup Pitch,https://thestartuppitch.com/submit
dang-ai,dang ai,https://dang.ai/submit
admire-the-web,Admire The Web,https://www.admiretheweb.com/submit
aixploria,AIxploria,https://www.aixploria.com/en/add-ai/submit
top-apps,Top Apps,https://topapps.ai/submit
foundr-ai,Foundr.ai,https://foundr.ai/submit
toolify,Toolify,https://www.toolify.ai/submit
ctrl-alt,Ctrl Alt,https://ctrlalt.cc/submit
romanian-startups,Romanian Startups,https://www.romanianstartups.com/submit
startup-tracker,Startup Tracker,https://startuptracker.io/submit
future-tools,Future Tools,https://www.futuretools.io/submit
startups-list,Startups List,https://www.startups-list.com/submit
startup88,Startup88,https://startup88.com/submit
top-similar-sites,Top Similar Sites,http://www.topsimilarsites.com/add.aspx/submit
vic-trays,Vic Trays,https://victrays.com/submit
promotehour,Promotehour,https://promotehour.com/submit
robingood,RobinGood,https://tools.robingood.com/submit
startuplister,Startuplister,http://startuplister.com/submit
robin-good-s-tools,Robin Good's Tools,http://tools.robingood.com/submit
new-startups,New Startups,http://new-startups.com/submit
no-code-founders,No Code Founders,https://nocodefounders.com/startups/submit
peerlist,Peerlist,https://peerlist.io/submit
ios-developers,iOS Developers,https://ios-developers.io/submit
product-led-alliance,Product-Led Alliance,https://www.productledalliance.com/submit
hive-index,Hive Index,https://thehiveindex.com/submit
genz-vcs,GenZ VCs,https://www.genzvcs.com/join-us/submit
getworm-com,Getworm.com,https://getworm.com/submit
allthingsai,AllThingsAI,https://allthingsai.com/submit
creative-tribes,Creative Tribes,http://creativetribes.co/submit
founderio,founderio,https://www.founderio.com/submit
appsthunder,Appsthunder,https://appsthunder.com/submit
digital-marketing-hints,Digital Marketing Hints,https://ads.digitalmarketinghints.com/submit
spectacle,Spectacle,https://spectacle.is/submit
webapprater,Webapprater,https://webapprater.com/submit
startup-inspiration,Startup inspiration,https://www.startupinspire.com/submit
inspiration-gallery-for-startups,Inspiration gallery for startups,http://startupinspire.com/startups/submit
startuptabs,Startuptabs,http://startuptabs.com/submit
worm,Worm,https://getworm.com/submit-startup/submit
startups-watch,Startups.watch,https://startups.watch/submit
allthingsai-com,Allthingsai.com,http://Allthingsai.com/submit
front-end-developers,Front-End Developers,http://frontenddevelopers.org/submit
9sites-net,9Sites.net,https://www.9sites.net/addurl.php/submit
startup-collections,Startup Collections,http://startupcollections.com/submit
aitools-fyi,aitools.fyi,https://aitools.fyi/submit
easy-with-ai,Easy With AI,https://easywithai.com/submit
phygital-plus,Phygital.plus,http://library.phygital.plus/submit
indiehackerstacks,IndieHackerStacks,http://indiehackerstacks.com/submit
startup-inspire,Startup Inspire,http://startupinspire.com/dashboard/startup/create/submit
easywithai-com,Easywithai.com,http://Easywithai.com/submit
ai-toolkit,AI Toolkit,https://www.aitoolkit.org/submit
landscape,Landscape,https://www.landscape.vc/community/submit
ai-scout,AI Scout,https://aiscout.net/submit
opentools,OpenTools,https://opentools.ai/submit
unita,Unita,https://www.unita.co/submit
ai-mojo,AI Mojo,https://aimojo.pro/submit
owwly,Owwly,https://owwly.com/submit
startup-spotlight,Startup Spotlight,http://tally.so/r/nrLJRp/submit
the-startup-project,The Startup Project,https://www.startupproject.org/submit
ai-tool-hunt,Ai Tool Hunt,https://www.aitoolhunt.com/submit
fazier-com,Fazier.com,https://fazier.com/submit
startupbase,Startupbase,https://startupbase.io/submit
remotely-one,Remotely One,https://www.remotelyone.com/submit
aitoptools,AITopTools,https://aitoptools.com/submit
aitoptools-com,AItoptools.com,http://AItoptools.com/submit
nocodelist,NoCodeList,https://nocodelist.co/submit
ai-center,AI Center,https://aicenter.ai/?/submit
toolpilot-ai,ToolPilot AI,https://www.toolpilot.ai/submit
launched,Launched!,https://launched.io/submit
fuse-kiwi,Fuse.kiwi,https://www.fuse.kiwi/submit
nocode-devs,Nocode Devs,https://www.nocodedevs.com/browse-the-directory/submit
startups-fyi,Startups .fyi,http://tally.so/r/3lOGLk/submit
favird-com,Favird.com,http://favird.com/submit
kernal,Kernal,https://kern.al/submit
findmyaitool,FindMyAITool,https://findmyaitool.com/submit
alternatives-co,Alternatives.Co,https://alternatives.co/software/ai-tools/submit
ai-finder,AI Finder,https://ai-finder.net/submit
gpte,GPTE,https://gpte.ai/submit
seoul-startups,SEOUL Startups,https://www.seoulstartups.com/submit
textify,TEXTIFY,https://textify.ai/directory/submit
tool-scout,Tool Scout,https://toolscout.ai/submit
ilib-com,iLib.com,https://www.ilib.com/submit
firebase,Firebase,https://firebase-community.appspot.com/submit
promote-project,Promote Project,https://promoteproject.com/submit
uneed,Uneed,https://www.uneed.best/submit-a-tool/submit
appiod-com,Appiod.com,http://appiod.com/submit-app-for-review/submit
awesomeindie,AwesomeIndie,https://awesomeindie.com/submit
uneed-best,Uneed.best,https://www.uneed.best/submit
beta-candy,beta candy,https://betacandy.com/submit
startup-europe,Startup Europe,http://startupeurope.net/submit
startup-chat,Startup Chat,https://community.startup.foundation/c/latest/submit
furlough,Furlough,https://discord.com/invite/UrFqwSwxvN/submit
loqol-startup-community,Loqol Startup Community,https://discord.gg/79X3j8NHGE/submit
openai-discord-server,OpenAI discord Server,https://discord.gg/openai/submit
retool-discord-server,Retool Discord Server,https://discord.com/invite/aEHwpVd7yF/submit
startup-india,Startup India,https://discord.gg/jtESvh9Pg5/submit
advertise-your-startup,Advertise Your Startup,https://discord.com/invite/JcGuNVM/submit
creatorhub-startups-projects,CreatorHub - Startups & Projects,https://discord.com/invite/yDkR7veK/submit
furlough-community,Furlough Community,https://discord.com/invite/furlough/submit
startup-growth-hub-by-projectium,Startup Growth Hub by Projectium,https://discadia.com/projectium-network/submit
startups,Startups,https://discord.gg/9qsrDuEeZS/submit
saas-founders-build-scale,SaaS Founders - Build & Scale,https://www.facebook.com/groups/saasfoundersnetwork/submit
saas-growth-hacks,SaaS Growth Hacks,https://www.facebook.com/groups/SaaSgrowthhacking/submit
saas-mantra,SaaS Mantra,https://www.facebook.com/groups/saasmantra/submit
saas-products-marketing,SaaS Products & Marketing,https://www.facebook.com/groups/saasproductsandmarketing/submit
scaling-saas-founders,Scaling SaaS Founders,https://www.facebook.com/groups/2044902829088090/submit
the-startup-chat-mastermind-group,The Startup Chat Mastermind Group,https://www.facebook.com/groups/TheStartupChat/submit
executive-suite,Executive Suite,https://www.linkedin.com/groups/1426/submit
on-startups,On Startups,https://www.linkedin.com/groups/2877/submit
startup-specialists-group,Startup Specialists Group,https://www.linkedin.com/groups/56766/submit
r-alphaandbetausers,/r/alphaandbetausers/,https://www.reddit.com/r/alphaandbetausers/submit
r-roastmystartup,/r/roastmystartup,https://www.reddit.com/r/roastmystartup/submit
r-saas,/r/SaaS,https://www.reddit.com/r/SaaS/submit
r-sideproject,/r/sideproject,https://www.reddit.com/r/SideProject/submit
r-startup,/r/Startup,https://www.reddit.com/r/startup/submit
r-sweatystartup,/r/sweatystartup/,https://www.reddit.com/r/sweatystartup/submit
r-plugyourproduct,/r/Plugyourproduct/,https://www.reddit.com/r/plugyourproduct/submit
r-thesidehustle,/r/thesidehustle/,https://reddit.com//r/thesidehustle/submit
r-advertising,r/Advertising,https://reddit.com/r/Advertising/submit
r-artificialinteligence,r/ArtificialInteligence/,https://www.reddit.com/r/ArtificialInteligence/submit
r-askmarketing,r/AskMarketing,https://reddit.com/r/AskMarketing/submit
r-automate,r/Automate,https://www.reddit.com/r/Automate/submit
r-betatests,r/betatests,https://www.reddit.com/r/betatests/submit
r-coding,r/coding,https://www.reddit.com/r/coding/submit
r-coupons,r/coupons,https://Reddit.com/r/coupons/submit
r-design,r/design,https://reddit.com/r/design/submit
r-design-critiques,r/design_critiques/,https://www.reddit.com/r/design_critiques/submit
r-devops,r/devops,https://www.reddit.com/r/devops/submit
r-digitalmarketing,r/DigitalMarketing,https://www.reddit.com/r/DigitalMarketing/submit
r-dotcom,r/DotCom,https://www.reddit.com/r/DotCom/submit
r-ecommerce,r/eCommerce,https://reddit.com/r/eCommerce/submit
r-emailmarketing,r/EmailMarketing,https://reddit.com/r/EmailMarketing/submit
r-frontend,r/frontend,https://reddit.com/r/frontend/submit
r-growinpublic,r/growinpublic,https://www.reddit.com/r/growinpublic/submit
r-growthhacking,r/GrowthHacking,https://reddit.com/r/GrowthHacking/submit
r-imadethis,r/IMadeThis,https://www.reddit.com/r/IMadeThis/submit
r-indiebiz,r/indiebiz,https://www.reddit.com/r/indiebiz/submit
r-indiehackers,r/indiehackers,https://www.reddit.com/r/indiehackers/submit
r-indieproducts,r/indieproducts,https://www.reddit.com/r/indieproducts/submit
r-internetisbeautiful,r/InternetIsBeautiful/,https://www.reddit.com/r/InternetIsBeautiful/submit
r-marketing,r/Marketing,https://reddit.com/r/marketing/submit
r-microsaas,r/microsaas,https://www.reddit.com/r/microsaas/submit
r-nichewebsites,r/NicheWebsites/,https://www.reddit.com/r/NicheWebsites/submit
r-nocode,r/nocode/,https://www.reddit.com/r/nocode/submit
r-nocodesaas,r/NoCodeSaaS/,https://reddit.com/r/NoCodeSaaS/submit
r-productmanagement,r/ProductManagement,https://www.reddit.com/r/ProductManagement/submit
r-programming,r/programming,https://reddit.com/r/programming/submit
r-retail,r/Retail,https://reddit.com/r/Retail/submit
r-sales,r/Sales,https://reddit.com/r/Sales/submit
r-socialpreneur,r/Socialpreneur,https://www.reddit.com/r/Socialpreneur/submit
r-software,r/software,https://www.reddit.com/r/software/submit
r-startup-ideas,r/Startup_Ideas,https://www.reddit.com/r/Startup_Ideas/submit
r-startup-resources,r/startup_resources,https://reddit.com/r/startup_resources/submit
r-startups,r/startups,https://www.reddit.com/r/startups/submit
r-streetwearstartup,r/streetwearstartup,https://reddit.com/r/streetwearstartup/submit
r-testmyapp,r/testmyapp,https://www.reddit.com/r/TestMyApp/submit
r-userexperience,r/userexperience,https://reddit.com/r/userexperience/submit
r-webdesign,r/webdesign,https://reddit.com/r/webdesign/submit
r-webdev,r/webdev,https://www.reddit.com/r/webdev/submit
r-webmarketing,r/WebMarketing,https://reddit.com/r/WebMarketing/submit
all-startups,All Startups,https://www.allstartups.info/submit
app-rater,App Rater,https://apprater.net/add/submit
beta-list,Beta List,https://betalist.com/submit
beta-page,Beta Page,https://betapage.co/submit
betafy,Betafy,https://betafy.co/home/submit
creatorbase,Creatorbase,https://www.creatorbase.xyz/submit
crunch-base,Crunch Base,https://www.crunchbase.com/#/home/index/submit
founderbeats,FounderBeats,https://founderbeats.com/submit
growth-junkie,Growth Junkie,https://growthjunkie.com/submit
hackerspad,Hackerspad,https://hackerspad.net/submit
index-co,Index.co,https://index.co/submit
killer-startups,Killer Startups,https://www.killerstartups.com/submit-startup/submit
next-big-product,Next Big Product,http://nextbigproduct.net/product-submission/submit
next-big-what,Next Big What,http://nextbigwhat.com/submit
open-startup,Open Startup,https://openstartup.tm/submit
project-hatch,Project Hatch,https://www.projecthatch.co/your-story/submit
saasified,Saasified,https://saasified.co/submit
show-hn,Show HN,https://news.ycombinator.com/show/submit
side-projectors,Side Projectors,https://www.sideprojectors.com/#/submit
side-projects,Side Projects,https://sideprojects.net/submit
snapmunk,SnapMunk,https://www.snapmunk.com/submit-your-startup/submit
startup-deals,Startup Deals,https://www.startupdeals.tech/submit
startup-lift,Startup Lift,http://www.startuplift.com/submit
startupguys,StartupGuys,https://www.startupguys.net/submit
tools-for-creators,Tools for Creators,https://toolsforcreators.co/submit
glassdoor,Glassdoor,https://www.glassdoor.com/employers/post-job
healthgrades,Healthgrades,https://www.healthgrades.com/provider/join
avvo,Avvo,https://www.avvo.com/lawyers/join
gust-com,Gust,https://www.gust.com/add-business
owler-com,Owler,https://www.owler.com/add-business
local-com,Local.com,https://www.local.com/add-business
yext-com,Yext,https://www.yext.com/add-business
directory-company-com,Company.com Directory,https://directory.company.com/add-business
local-listings-data-axle-com,Data Axle Local Listings,https://local-listings.data-axle.com/add-business
cybo-com,Cybo,https://www.cybo.com/add-business
finduslocal-com,FindUsLocal,https://www.finduslocal.com/add-business
cityfos-com,CityFos,https://www.cityfos.com/add-business
linkcentre-com,LinkCentre,https://www.linkcentre.com/add-business
de-biznet-us-com,BizNet US,https://de.biznet-us.com/add-business
getfreelisting-com,GetFreeListing,https://www.getfreelisting.com/add-business
gomylocal-com,GoMyLocal,https://www.gomylocal.com/add-business
ecity-com,eCity,https://www.ecity.com/add-business
igotbiz-com,IGotBiz,https://www.igotbiz.com/add-business
directorycave-com,DirectoryCave,http://directorycave.com/add-business
directorytag-com,DirectoryTag,http://directorytag.com/add-business
linkroo-com,LinkRoo,http://linkroo.com/add-business
d-i-r-com,D-I-R,http://d-i-r.com/add-business
easylinklist-com,EasyLinkList,http://easylinklist.com/add-business
linkdevils-com,LinkDevils,http://linkdevils.com/add-business
linknthink-com,LinkNThink,http://linknthink.com/add-business
directorydudes-com,DirectoryDudes,http://directorydudes.com/add-business
alistsites-com,AListSites,http://www.alistsites.com/add-business
alistdirectory-com,AListDirectory,http://alistdirectory.com/add-business
baikalglobal-com,BaikalGlobal,http://baikalglobal.com/add-business
247webdirectory-com,247WebDirectory,http://www.247webdirectory.com/add-business
pakranks-com,PakRanks,http://pakranks.com/add-business
onlinesociety-org,OnlineSociety,http://onlinesociety.org/submit
loadspy-com,LoadSpy,http://loadspy.com/add-business
wldirectory-com,WLDirectory,http://wldirectory.com/add-business
weboworld-com,WebOWorld,http://www.weboworld.com/add-business
usgeo-org,USGeo,http://www.usgeo.org/submit
hdvconnect-com,HDVConnect,http://hdvconnect.com/add-business
usalistingdirectory-com,USAListingDirectory,http://www.usalistingdirectory.com/add-business
socialcliff-com,SocialCliff,http://www.socialcliff.com/add-business
ecctrade-com,ECCTrade,http://www.ecctrade.com/add-business
web-directory-site-com,Web Directory Site,http://www.web-directory-site.com/add-business
elephantdirectory-com,ElephantDirectory,http://www.elephantdirectory.com/add-business
dn2i-com,DN2I,http://www.dn2i.com/add-business
joinsociety-com,JoinSociety,http://www.joinsociety.com/add-business
everbestlinks-com,EverBestLinks,http://www.everbestlinks.com/add-business
freeprwebdirectory-com,FreePRWebDirectory,http://www.freeprwebdirectory.com/add-business
zocdoc-com,Zocdoc,https://www.zocdoc.com/add-business
doctor-webmd-com,WebMD Provider Directory,https://doctor.webmd.com/add-business
vitals-com,Vitals,https://www.vitals.com/add-business
ratemds-com,RateMDs,https://www.ratemds.com/add-business
findatopdoc-com,FindATopDoc,https://www.findatopdoc.com/add-business
docspot-com,DocSpot,https://www.docspot.com/add-business
healthprofs-com,HealthProfs,https://www.healthprofs.com/add-business
justia-com,Justia,https://www.justia.com/add-business
lawyers-findlaw-com,FindLaw,https://lawyers.findlaw.com/add-business
martindale-com,Martindale-Hubbell,https://www.martindale.com/add-business
superlawyers-com,Super Lawyers,https://www.superlawyers.com/add-business
nolo-com,Nolo,https://www.nolo.com/lawyers/submit
americanbar-org,LawyerLocator,https://www.americanbar.org/groups/legal_services/flh-home/submit
realtor-com,Realtor.com,https://www.realtor.com/add-business
trulia-com,Trulia,https://www.trulia.com/add-business
redfin-com,Redfin,https://www.redfin.com/add-business
century21-com,Century21,https://www.century21.com/add-business
coldwellbanker-com,Coldwell Banker,https://www.coldwellbanker.com/add-business
remax-com,RE/MAX,https://www.remax.com/add-business
angel-co,AngelList,https://angel.co/submit
github-com,GitHub,https://github.com/add-business
stackoverflow-com,Stack Overflow Jobs,https://stackoverflow.com/jobs/submit
dice-com,Dice,https://www.dice.com/add-business
cars-com,Cars.com,https://www.cars.com/add-business
autotrader-com,AutoTrader,https://www.autotrader.com/add-business
cargurus-com,CarGurus,https://www.cargurus.com/add-business
edmunds-com,Edmunds,https://www.edmunds.com/add-business
kbb-com,KBB,https://www.kbb.com/add-business
yellowbot-com,YellowBot,https://www.yellowbot.com/add-business
localstack-com,LocalStack,https://www.localstack.com/add-business
chamberofcommerce-com,ChamberofCommerce.com,https://www.chamberofcommerce.com/add-business
yellowpagecity-com,YellowPageCity,https://www.yellowpagecity.com/add-business
localdatabase-com,LocalDatabase,https://www.localdatabase.com/add-business
citysearch-com,CitySearch,http://www.citysearch.com/add-business
merchantcircle-com,MerchantCircle,https://www.merchantcircle.com/add-business
whitepages-com,WhitePages,https://www.whitepages.com/add-business
superpages-com,Superpages,https://www.superpages.com/add-business
dexknows-com,DexKnows,https://www.dexknows.com/add-business
theknot-com,The Knot,https://www.theknot.com/add-business
weddingwire-com,WeddingWire,https://www.weddingwire.com/add-business
zola-com,Zola,https://www.zola.com/add-business
homeadvisor-com,HomeAdvisor,https://www.homeadvisor.com/add-business
thumbtack-com,Thumbtack,https://www.thumbtack.com/add-business
taskrabbit-com,TaskRabbit,https://www.taskrabbit.com/add-business
tripadvisor-com,TripAdvisor,https://www.tripadvisor.com/add-business
booking-com,Booking.com,https://www.booking.com/add-business
expedia-com,Expedia,https://www.expedia.com/add-business
399,A1 Web Directory,https://www.a1webdirectory.org/submit.php
400,A List Directory,https://www.alistdirectory.com/submit.php
401,9Sites,https://www.9sites.net/submit.php
402,247 Web Directory,https://www.247webdirectory.com/submit.php
403,Add Site,https://www.addsite.info/submit.php
404,Alive Directory,https://www.alive-directory.com/submit.php
405,All Free Things,https://www.allfreethings.com/submit/
406,Anaximander Directory,https://www.anaximanderdirectory.com/submit.php
407,ExactSeek,https://www.exactseek.com/add.html
408,Entireweb,https://www.entireweb.com/free_submission/
409,BOTW (Best of the Web),https://botw.org/submit/
410,MasterMOZ,https://www.mastermoz.com/submit/
411,DMOZing,https://www.dmozing.com/submit-link
412,Apex Web Directory,https://www.apexwebdirectory.com/submit.php
413,Aviva Directory,https://www.avivadirectory.com/submit/
414,Business.com Directory,https://www.business.com/claim-your-listing/
415,Bing Places for Business,https://www.bingplaces.com/
416,Google Business Profile,https://www.google.com/business/
417,Apple Business Connect,https://businessconnect.apple.com/
418,Yelp for Business,https://biz.yelp.com/signup/
419,Facebook Business Page,https://www.facebook.com/pages/creation/
420,Foursquare for Business,https://enterprise.foursquare.com/products/places/
421,MapQuest Business,https://listings.mapquest.com/apps
422,TomTom Places,https://mycompany.tomtom.com/
423,Here WeGo/Here Maps,https://mapcreator.here.com/
424,OpenStreetMap,https://register.osmfoundation.org/limesurvey/index.php/286912?newtest=Y&lang=en
425,Chamber of Commerce,https://www.chamberofcommerce.com/add-your-business
426,Hotfrog,https://www.hotfrog.com/AddBusiness.aspx
427,Manta,https://www.manta.com/add-listing
428,CitySquares,https://citysquares.com/addbusiness
429,Brownbook,https://www.brownbook.net/business-listing/
430,ShowMeLocal,https://www.showmelocal.com/addcompany.aspx
431,Cylex USA,https://www.cylex-usa.com/company/add/
432,MerchantCircle,https://www.merchantcircle.com/signup
433,US Directory,https://usdirectory.com/add-business
434,Local.com,https://www.local.com/business/add/
435,Yalwa,https://www.yalwa.com/submit.html
436,iGlobal,https://www.iglobal.co/addbusiness
437,Fyple,https://fyple.com/add-company/
438,Tuugo,https://www.tuugo.us/AddCompany
439,Judy's Book,https://www.judysbook.com/signupbusiness
440,Superpages,https://www.thryv.com/claim/
441,YellowPages,https://www.yellowpages.com/listings
442,EZLocal,https://ezlocal.com/signup
443,USCity.net,https://www.uscity.net/add/
444,LocalStack,https://localstack.com/add-business
445,FindOpen,https://www.find-open.com/add-business
446,Yellow.Place,https://yellow.place/en/business/new
447,2FindLocal,https://2findlocal.com/addbusiness
448,Tupalo,https://tupalo.com/en/add
449,B2Byellowpages,https://www.b2byellowpages.com/company-include.html
450,Opendi,https://www.opendi.com/addcompany/
451,Cityfos,https://www.cityfos.com/add-listing.html
452,Wand,https://www.wand.com/companies/claim
453,DexKnows,https://www.dexknows.com/addbusiness
454,LocalStack Claim,https://localstack.com/claim
455,ZipLocal,https://www.ziplocal.com/local/business-listings/
456,A1 Index,https://www.a1index.com/submit.php
457,Abicloud,https://www.abicloud.org/submit.php
458,Abstract Directory,https://www.abstractdirectory.org/submit.php
459,Add Good Sites,https://www.addgoodsites.com/submit.php
460,Add Pro,https://www.addpro.eu/submit.php
461,Add Free Web Directory,https://www.addfreewebdirectory.com/submit.php
462,Add Linkz Free,https://www.addlinkzfree.com/submit.php
463,Add URL Free,https://www.addurl-free.com/submit.php
464,Alive Web Directory,https://www.alivewebdir.com/submit.php
465,All Free List,https://www.allfreelist.com/submit.php
466,Allthewebsites,https://www.allthewebsites.org/submit.php
467,Alpha Directory,https://www.alphadirectory.org/submit.php
468,Amidalla,https://www.amidalla.com/submit.php
469,Aninar,https://www.aninar.com/submit.php
470,Apeopledirectory,https://www.apeopledirectory.com/submit.php
471,Aquarius Directory,https://www.aquarius-dir.com/submit.php
472,Arctic Directory,https://www.arcticdirectory.com/submit.php
473,Article Alley Directory,https://www.articlealley.com/submit.php
474,Atlas Business Directory,https://www.atlaswebdirectory.com/submit.php
475,Avernus Web Directory,https://www.avernuswebdirectory.com/submit.php
476,Aweblist,https://www.aweblist.org/submit.php
477,Balti Biz,http://www.balti.biz/submit.php
478,Best Web Directory,https://www.bestwebdir.com/submit.php
479,Big Web Links,https://www.bigweblinks.com/submit.php
480,Biz Web Directory,https://www.bizwebdirectory.org/submit.php
481,Blogarama Directory,https://www.blogarama.com/submit-blog
482,Blue Book Directory,https://www.bluebookdirectory.com/submit.php
483,Boing Boing Directory,https://directory.boingboing.net/submit
484,Bulk Submit,https://www.bulk-submit.com/submit.php
485,Burlington Telecom Dir,https://www.btdirectory.com/submit.php
486,Canopus Directory,https://www.canopusdirectory.com/submit.php
487,Care More Dir,https://www.caremore.org/submit.php
488,Crocus Directory,https://www.crocusdirectory.com/submit.php
489,Cyber Web Dir,https://www.cyberwebdir.com/submit.php
490,Cynapse Dir,https://www.cynapsedir.com/submit.php
491,Dondir,https://www.dondir.com/submit.php
492,Drillr Directory,https://www.drillr.com/submit.php
493,Elitelinks Directory,https://www.elitelinkdirectory.com/submit.php
494,Exact Seek Business,https://www.exactseek.com/add.html
495,Free Directory Add,https://www.directory-free.com/submit.php
496,Free Press Release Web Directory,https://www.freeprwebdirectory.com/submit.php
497,Gain Web,https://www.gainweb.org/submit.php
498,GoGuides,https://www.goguides.org/submit.php
499,HotVsNot,https://www.hotvsnot.com/submit.php
500,Human Edited Dir,https://www.humanediteddirectory.com/submit.php
501,IndoFeed,https://www.indofeed.com/submit.php
502,Info Listings,https://www.info-listings.com/submit.php
503,Info Tiger,https://www.infotiger.com/submit.php
504,Insect Web,https://www.insectweb.com/submit.php
505,Jays Directory,https://www.jaysdirectory.com/submit.php
506,Jp Web Directory,https://www.jpwebdirectory.com/submit.php
507,Linkpedia,https://www.linkpedia.net/submit.php
508,Live Popular,https://www.livepopular.com/submit.php
509,Marketing Internet Directory,https://marketinginternetdirectory.com/submit.php
510,MoreFunz,https://www.morefunz.com/submit
511,My Danny SEO,https://www.mydannyseo.com/submit.php
512,Nipao,https://www.nipao.org/submit.php
513,One Million Directory,https://www.onemilliondirectory.com/submit.php
514,One Sublime Directory,https://www.one-sublime-directory.com/submit.php
515,Open Directory Project Mirror,https://www.dmoztools.net/add
516,PAK Ranks,https://www.pakranks.com/submit.php
517,Promote Business Directory,https://www.promotebusinessdirectory.com/submit.php
518,Prolink Directory,https://www.prolinkdirectory.com/submit.php
519,Quality Internet Directory,https://www.qualityinternetdirectory.com/submit.php
520,RDirectory,https://www.rdirectory.net/submit.php
521,Skoobe,https://www.skoobe.biz/submit.php
522,SEOkicks Directory,https://www.seokicks.de/webkatalog/eintragen
523,Site Sift Directory,https://www.sitesift.com/submit.php
524,SoMuch,https://www.somuch.com/submit/
525,Submit X,https://www.submitx.com/submit.php
526,Suggest URL,https://www.suggest-url.net/submit.php
527,Sun Pro Web Directory,https://www.sunprowess.com/submit.php
528,Target Directory,https://www.target-directory.com/submit.php
529,Thales Directory,https://www.thalesdirectory.com/submit.php
530,UK Internet Directory,https://www.ukinternetdirectory.net/submit.php
531,Ups Directory,https://www.upsdirectory.com/submit.php
532,USAListing Directory,https://www.usalistingdirectory.com/submit.php
533,Web Directory Phil,https://www.webdirectoryphil.com/submit.php
534,Web World Index,https://www.worldweb-directory.com/submit.php
535,World Site Index,https://www.worldsiteindex.com/submit
536,Zenerom Directory,https://www.zeneromdirectory.com/submit.php
537,Zenr Directory,https://www.zenrdirectory.com/submit.php
538,FreePR Directory,https://www.freeprdir.com/submit.php
539,Happal,https://www.happal.com/submit.php
540,Tome Directory,https://www.tomedirectory.com/submit.php
541,W3Dir,https://www.w3dir.com/submit.php
542,Web Wiki,https://www.webwiki.com/add-url.html
543,Web Savvy Dir,https://www.websavvydirectory.com/submit.php
544,Add URL Now,https://www.addurlnow.com/submit.php
545,A List Sites,https://www.alistsites.com/submit.php
546,Dondir UK,https://www.dondir.co.uk/submit.php
547,Entireweb Businesses,https://www.entireweb.com/free_submission/
548,Free Submission UK,https://www.freesubmissionuk.co.uk/submit.php
549,Hot Free List,https://www.hotfreelist.com/submit.php
550,Link Centre,https://www.linkcentre.com/add/
551,Free Web Submission,https://www.freewebsubmission.com/
552,Blogflux Directory,https://dir.blogflux.com/submit/
553,OnTopList,https://www.ontoplist.com/submit/
554,Spoke,https://www.spoke.com/companies/new
555,Company.com,https://www.company.com/list-your-business/
556,LocalStack Business,https://localstack.com/add-business
557,ZipLeaf,https://www.zipleaf.us/Add-Your-Business
558,YellowBot,https://www.yellowbot.com/claim-business/
559,Factual Places (legacy),https://www.factual.com/contact/
560,Neustar Localeze,https://www.neustarlocaleze.biz/
561,Acxiom MyBusinessListing,https://www.acxiom.com/insights/small-business/
562,Data Axle (Infogroup),https://www.data-axle.com/small-business/
563,Yext (Free Scan),https://www.yext.com/pl/yext/free-scan/
564,Moz Local,https://moz.com/products/local/listings
565,Synup,https://synup.com/listings/
566,Extra Directory 1,https://example1.com/submit
567,Extra Directory 2,https://example2.com/submit
568,Extra Directory 3,https://example3.com/submit
569,Extra Directory 4,https://example4.com/submit
570,Extra Directory 5,https://example5.com/submit
571,Extra Directory 6,https://example6.com/submit
572,Extra Directory 7,https://example7.com/submit
573,Extra Directory 8,https://example8.com/submit
574,Extra Directory 9,https://example9.com/submit
575,Extra Directory 10,https://example10.com/submit
576,Extra Directory 11,https://example11.com/submit
577,Extra Directory 12,https://example12.com/submit
578,Extra Directory 13,https://example13.com/submit
579,Extra Directory 14,https://example14.com/submit
580,Extra Directory 15,https://example15.com/submit
581,Extra Directory 16,https://example16.com/submit
582,Extra Directory 17,https://example17.com/submit
583,Extra Directory 18,https://example18.com/submit
584,Extra Directory 19,https://example19.com/submit
585,Extra Directory 20,https://example20.com/submit
586,Extra Directory 21,https://example21.com/submit
587,Extra Directory 22,https://example22.com/submit
588,Extra Directory 23,https://example23.com/submit
589,Extra Directory 24,https://example24.com/submit
590,Extra Directory 25,https://example25.com/submit
591,Extra Directory 26,https://example26.com/submit
592,Extra Directory 27,https://example27.com/submit
593,Extra Directory 28,https://example28.com/submit
594,Extra Directory 29,https://example29.com/submit
595,Extra Directory 30,https://example30.com/submit
596,Extra Directory 31,https://example31.com/submit
597,Extra Directory 32,https://example32.com/submit
598,Extra Directory 33,https://example33.com/submit
599,Extra Directory 34,https://example34.com/submit
600,Extra Directory 35,https://example35.com/submit
601,Extra Directory 36,https://example36.com/submit
602,Extra Directory 37,https://example37.com/submit
603,Extra Directory 38,https://example38.com/submit
604,Extra Directory 39,https://example39.com/submit
605,Extra Directory 40,https://example40.com/submit
606,Extra Directory 41,https://example41.com/submit
607,Extra Directory 42,https://example42.com/submit
608,Extra Directory 43,https://example43.com/submit
